AgentID,LatentFactor_1,LatentFactor_2,LatentFactor_3
0,0.8614139019265392,0.17251370261359628,0.7038137861332424
1,0.883659682095959,0.22969044882938885,0.1778467119330252
2,0.9554952973556597,0.296339183429009,0.10559594424860322
3,0.601284207278196,0.41930451893494647,0.3117117406866949
4,0.1495616677686105,0.5167423653967631,0.6325416952803926
5,1.0733585966834336,0.1868063343393337,0.4958401638348744
6,0.6062704971068787,0.46002632574554014,0.14634772019645076
7,0.31871216568097577,0.42750717323001547,0.7823719478122163
8,0.4587739454315876,0.3122024177246972,0.7858116759991259
9,0.4674954989376729,0.4969726812749392,0.41508508328480215
10,0.065059345268382,0.6158404216308202,0.7815920179096563
11,1.0267214033261396,0.3285059226069922,0.18888881897170362
12,0.6535351044746284,0.5541935530626907,0.02211914309927553
13,0.651949084972288,0.10868648603364257,0.799311441845048
14,0.3674292599628235,0.21053936394257533,0.8221389222988622
15,0.3225472311192124,0.37612179167220167,0.7282208149731294
16,0.45290122158603957,0.6520885070579713,0.001678172735183521
17,0.10593997844105146,0.33711239849266184,0.8394471543390928
18,0.3917189110654043,0.741501517259986,0.0003803489386204027
19,0.8303288285688532,0.4006600326365386,0.05238842726555715
20,0.6005347968314851,0.29607391299220687,0.5678930099449566
21,0.3314824418453717,0.5843738917051667,0.34900327551120547
22,0.7876244758661475,0.5166787532424785,0.15866786109050715
23,0.07767210810644812,0.5930920804474178,0.7201007253790116
24,0.7380540243095755,0.43006538790347265,0.03208444540487191
25,0.36444820946551987,0.7121402965211276,0.0007750053046255579
26,0.8355786404077628,0.4272998196083302,0.15557206134201698
27,0.5916391344012215,0.1861739105940585,0.8704035285042376
28,0.2934950174030839,0.4597388308616443,0.816249591322244
29,0.41113743145313403,0.3603796823583932,0.7767786674771248
30,0.6452674305538981,0.49769193092856623,0.023787469048935136
31,0.991508765169494,0.20892146857188107,0.23710329016837217
32,0.9552838058327263,0.19108641465252968,0.33819601224295337
33,0.509161452909993,0.33772724552242056,0.6898231987373228
34,0.45455973825957635,0.5571105283848515,0.01135168322807614
35,0.5113486342775866,0.34832133751222993,0.38101349002474916
36,1.007612300156993,0.11211288732330534,0.5730654002080217
37,0.567922604864988,0.2933563163550433,0.7296758902082779
38,0.2636029038189255,0.34168278397660523,0.818071664379766
39,0.5260371642284034,0.5540891093936932,0.1827042147478397
40,0.8231563364154244,0.45579627799722217,0.033205275597146706
41,0.8297118593587248,0.3596336466455222,0.27267573425086294
42,0.504189089405528,0.6210399438287609,0.07511905085924071
43,0.7495119008105151,0.19635869083804675,0.7490305603286952
44,0.5870643475963612,0.5358987064027011,0.014098540294555678
45,0.5484282930936765,0.3864180541539244,0.2314576028892035
46,0.2621043098986531,0.32664369898970547,0.857546806695262
47,0.5290966534680863,0.6029537847328217,0.17862102890646991
48,0.2895637538977417,0.4203495435706488,0.6794436813294821
49,0.5865564641647906,0.30010544498206576,0.8031047729572883
50,0.6636777948317171,0.34184011532064035,0.663828260097911
51,0.46808444246832787,0.291538273407818,0.930536679562975
52,0.5825068838646953,0.6493698639476888,0.016581418791698287
53,0.33186645594426695,0.41930941263231164,0.691130034905438
54,0.8491894037986838,0.15116231892022244,0.5920235167083032
55,0.484508318598688,0.4664165993039142,0.32639653545882147
56,0.8845772198464419,0.39087202877575195,0.05628926756366521
57,0.2709889188337147,0.6371596737777085,0.3139267767451165
58,0.49961816305382684,0.6374644568063687,0.015171459309553248
59,0.38742785930859513,0.22344238499520036,0.9075636999296317
60,0.5898988092815289,0.5702303676513576,0.013516140998856327
61,0.3837733194821049,0.5331676985766993,0.3596729082585044
62,0.4428234668193876,0.31599123528959366,0.7946210444031695
63,0.37624151202344674,0.6812270018753066,0.0008976731565509372
64,0.7138186396361939,0.48126377356414574,7.684143380885584e-05
65,0.6974557516526767,0.4446145610120711,0.029449091032176362
66,0.5817632986633965,0.5030787815939421,0.016703686195869618
67,0.4904064023040738,0.19308798401566277,0.8216063250072069
68,0.5742677156738746,0.42668790444895865,0.2657476270097719
69,0.36141271354860727,0.3249807754690897,0.7897632884666962
70,0.43677440761392267,0.489463979587575,0.33722433938333235
71,0.4446308874091654,0.2928401609399084,0.7432584772373919
72,0.45292831145350526,0.27242402395301457,0.8855029264286686
73,0.3773315171239825,0.4461053667029781,0.4459873225928824
74,0.5949798216725466,0.39776686705403036,0.20375121708683555
75,0.4384288842226271,0.5876011912061005,0.0698076865848631
76,0.6633630992050144,0.49296395388739744,0.05181269604593228
77,0.9770905096720855,0.39954174353419075,0.06417258568527583
78,0.7425509514420182,0.19486404547819555,0.7383398365146763
79,1.0421636950924082,0.3316402977351488,0.2820341440631663
80,0.3819281678296446,0.7128456343124222,0.03885116720651188
81,0.6488638836752398,0.44428077986328113,0.2616821068533832
82,0.5726542998322919,0.6437958682853892,0.01555845748332422
83,0.6366069738413925,0.4179744969941559,0.186225571871417
84,0.6679999188930072,0.5671918616072809,0.015575921644646312
85,0.8006059596735677,0.1583853284350856,0.6579274033804517
86,9.432286167969979e-29,0.514867848922219,0.760700363582379
87,0.8833426397711085,0.35330688384631803,0.041968227333174644
88,0.7799634358965178,0.39308112945297996,0.2915279378708774
89,0.5116806043134927,0.6209072752029584,0.014963539337189288
90,0.6572510225529207,0.5262996190322524,0.0022392749284727963
91,0.5064662786708153,0.40935725810474016,0.5584904237886755
92,0.3968457486114705,0.44732222628684104,0.5548288164744517
93,0.8648750119075527,0.40055017842131885,0.0318585007986617
94,0.5738096843951008,0.5573209509156342,0.11312400648104781
95,0.43787707617520405,0.43611096845106173,0.588946379411296
96,0.487037540011439,0.5277091672854839,0.07968105771034835
97,0.526291668384468,0.51223189141341,0.35557741033411916
98,0.42490426804096343,0.5299911924338975,0.3973057608310666
99,0.2668476361259996,0.43791889167142717,0.7941565441871329
100,0.5732813055695393,0.506761715238218,0.05269268761445777
101,0.491905760369549,0.7016910100170413,0.009844209239075627
102,0.4747532649960115,0.29898387841320234,0.8122930738210115
103,0.6132596430448468,0.6217319401402381,0.016880054165253806
104,0.5848903905886689,0.5446858075149059,0.10085906221296634
105,0.5783350958455254,0.5090052935059105,0.17051300086825902
106,0.4445262049402423,0.3985506841474913,0.713228941806716
107,0.5910893329405352,0.2686580482046934,0.8369599555863148
108,0.6914406617670618,0.3964084366289227,0.2158688696514556
109,0.6521879660119592,0.16839694316635273,0.8909852972754378
110,0.6445112486157584,0.28656466347080645,0.6944441227852981
111,0.4838564732225272,0.3103440360568137,0.7642186010266274
112,0.45390929371467537,0.33952439852171384,0.8257832232493089
113,0.5287508858407508,0.23805240661074287,0.7944091445457084
114,0.34896500464606617,0.5426896972215336,0.38378550997887406
115,0.5457397263500671,0.263303394713004,0.6595464905459347
116,0.6768307314973572,0.4628139325605167,0.20251812450869847
117,0.7063038172068721,0.19283837591646966,0.8611175113985324
118,0.3969265296093407,0.3587083581263339,0.7298250061403172
119,0.4122599476207622,0.6368037496936197,0.03862574321665319
120,0.5493509797082666,0.259549348586476,0.7909765412518083
121,0.5516089002224442,0.29566871357940927,0.7256418852666255
122,0.7258159403645049,0.4652965277435118,0.010159193198437307
123,1.0270977350789205,0.177422046971033,0.31890231493428
124,0.5216286078773096,0.5573911905610085,0.021160737880753757
125,0.668746257446716,0.17500720161306046,0.790513501840456
126,0.23369428514237955,0.48243312110866415,0.6616781886185737
127,0.30267160789011455,0.524192030287467,0.6515803787008694
128,0.5279173973721111,0.23934315779400553,0.8212106160581811
129,1.8643027064660152e-11,0.5627686722887408,0.8125460371237163
130,0.2628726772518462,0.47244710452794847,0.522687716885585
131,0.22356895225379775,0.4442260610890421,0.9245168355061076
132,0.8417241714295826,0.18124275403624376,0.5781874599028857
133,0.5573670738363502,0.3287220809613723,0.6679008942847874
134,0.49817373066504234,0.36559619756041106,0.5891818259405802
135,0.12367642839250002,0.6207049038889133,0.42798402645093736
136,0.580317768693855,0.549979601609765,0.13737601660512488
137,0.6484638417610844,0.29076063857761264,0.8027657963775428
138,0.32304817558495014,0.6538243246559817,0.1320207116247798
139,0.3451275954070931,0.6060484789989085,0.34984471655025773
140,0.4883437861767744,0.5146604050140561,0.26029450940304605
141,0.4393359449685922,0.5776959492749462,0.1199711890511376
142,0.6847737311411555,0.4614457718631052,0.0014577083980556853
143,0.7783632634699601,0.5037318824445297,0.01621579498464794
144,0.4110912152627955,0.38047782020439597,0.7511678259397777
145,0.5835299340725963,0.2773544666285885,0.7652764165767925
146,0.5805412883085559,0.2088713352052557,0.8058394377048459
147,0.5380676494424501,0.5838712896881675,0.07365435091421413
148,0.46663437929373724,0.2681176357952537,0.8961885970979647
149,0.3417530439208641,0.711488867544145,0.06434187131683201
150,0.6658392708466575,0.547953415723547,0.0022272525093942606
151,0.36078075277685473,0.5662337263509281,0.24899692745956054
152,0.4877798800497171,0.31552457052847,0.8568502623811877
153,0.05158473571585514,0.5193645643845586,0.7534832688722456
154,0.4407370022993002,0.2612428568616739,0.8234941036986664
155,0.4508535789160646,0.30839365186068873,0.7462721878321409
156,0.39915262313285305,0.4968631861966324,0.025297734325898873
157,0.8441794545530338,0.43110787724395333,0.0006617676360528428
158,0.2139655991948265,0.6744103643137137,0.29532238306764236
159,0.5571423378702668,0.284226304525435,0.7773327791480055
160,0.31486573889765856,0.5155216589319286,0.5546277785900582
161,0.7158916205363982,0.45407905059438697,1.592954725021091e-05
162,0.6598511962353704,0.5875285041235352,0.0015669365736227798
163,0.4419338823879133,0.6454636412050744,0.014772447579129417
164,0.41055113451434005,0.3173546903828063,0.8455597872586571
165,0.8484163419832816,0.4139771672132633,2.273088323597666e-16
166,0.8017923465797132,0.22553870187170824,0.550384768357219
167,0.3974082068730216,0.5931913341897648,0.030850207572460965
168,0.8053310661158061,0.46064025185331636,0.01634073070214132
169,0.5342546334526604,0.3074943474661432,0.7742628016296668
170,0.4973780533309868,0.5586051380942547,0.17487912378375056
171,0.26977491092988753,0.44176350614590776,0.6905045872145369
172,1.0461114525666215,0.11732800283564494,0.47022889749910185
173,0.4667696599608056,0.36209993374888927,0.8516849027724372
174,0.24312054355002893,0.44328897365088726,0.6412812122073605
175,0.5573794398406344,0.5643131310713153,0.042580743895998995
176,0.8618383585410154,0.3515558115982299,0.1278231370807133
177,0.42759382573108057,0.5048018919489614,0.12499066628681
178,0.500146243186033,0.24767043927851687,0.8326446758927298
179,0.6836435988990303,0.4489901464359813,0.16055212312512132
180,0.0017179490560925346,0.5863210785263877,0.5931081936343663
181,0.8329916566933546,0.35648649856881354,0.23370407848231947
182,0.7922725241487276,0.381139833288307,0.0022610621119240498
183,0.4694398616181134,0.29015578319226676,0.6287047083753826
184,0.6155100752371284,0.21475508376917524,0.932071153273269
185,0.34746484998660554,0.4151085556486669,0.3555207057477294
186,0.8315349670920471,0.40831647286890826,0.13977312138322634
187,0.774466393221105,0.4717465717239049,1.0939715126208371e-10
188,0.43919651654507963,0.3637852276119042,0.8271303179004494
189,0.60141802509148,0.5499280246157782,0.0021154718822222166
190,0.7290162298249492,0.09468792268877842,0.8182752036874918
191,0.6907307401944733,0.07983761544795955,0.8536228179166823
192,0.6965433432879297,0.5380104311849636,0.013626135778221032
193,0.6612103498006668,0.27935526767038943,0.43128471015820447
194,0.45930519849512996,0.537339685756985,0.012367815852624338
195,0.44776009917304754,0.33946130044586614,0.7034939516661363
196,0.7867459817455725,0.4145998608006575,2.054314147780704e-06
197,0.6783230115666512,0.5221853239247254,0.002417692771526508
198,0.6950447141906194,0.5803299199547222,7.732403930526174e-18
199,0.4669646804505529,0.6387906632832405,0.05634046651628525
200,0.8134240357897964,0.3476410703934487,0.2567267435946045
201,0.17881277920585945,0.4473412984157526,0.786454498280401
202,0.2813318653685369,0.7596234899158626,0.029194790554278333
203,0.5407324241797326,0.32603052470946436,0.6416658177574808
204,0.4909210624667111,0.2136349869664298,0.8616104542738294
205,0.49449347594614684,0.25265753968048876,0.7648512990102883
206,0.42828566342745544,0.4329651057476404,0.4564976333603595
207,0.5269753706388756,0.13746523519777684,0.9161538226250917
208,0.3509459458429264,0.4989292620141333,0.6957121703703782
209,0.3857035685109973,0.4206997249201673,0.810478766578969
210,0.7943582992504775,0.3755500233731523,0.1595631215325659
211,0.29617359905595786,0.5789216714828631,0.281745572327651
212,0.36485966354560634,0.3030894214583039,0.8390094349479251
213,0.2975256709090569,0.3592736843561134,0.9009114325567321
214,0.8806951330404196,0.37645789127032475,0.11377917449826126
215,0.7030523485579465,0.294905359738842,0.3444022445388514
216,0.7822984629759325,0.4056334615183134,0.2603165811135475
217,0.7085353641111775,0.4256289715317347,0.04917860056550453
218,0.49846152453319803,0.19718181185816885,0.8977986973784742
219,0.5325776325973072,0.522099291042281,0.01698445787970205
220,0.6288089627391735,0.5175630548338029,0.08793490322710032
221,0.5874546319503734,0.5770739727773703,0.13042997875803455
222,0.5181727491164504,0.2860855934971088,0.8860197030868895
223,0.5660394919601259,0.39532052477793733,0.28079728771238033
224,0.30975609631798445,0.48078425323509477,0.8175678975131154
225,0.72807207176399,0.33031469651006556,0.47154471965472344
226,0.8743177586597071,0.1500755983804466,0.608794526101558
227,0.4997529863937695,0.5871207965653474,0.1026080445606395
228,0.31135747698526145,0.340813114751415,0.9080254809566268
229,0.4476409102589695,0.28100212240989686,0.7695544628341047
230,0.4757333753354762,0.6296679220371013,0.05662214650643567
231,0.2895310606411084,0.47222238698139624,0.637580505796347
232,0.49690303042512546,0.4099150952420238,0.5887662384538631
233,0.30297847611211504,0.5199533684514805,0.7202925139329347
234,0.5445500956453443,0.4836496498915965,0.1532053813035051
235,0.7976691980430018,0.28291527327686594,0.3735047178148885
236,0.635700991726957,0.43472085681060696,0.08490256767606248
237,0.5866793389653265,0.15821837335610894,0.9342675973101094
238,0.3496044094921803,0.6955363846930196,0.09865973815254188
239,0.5948517694787017,0.5600065611916138,0.018564245853431482
240,0.40109892164646205,0.4680970942284242,0.37002047025054835
241,0.2868145194718846,0.5038659816209322,0.3170718503311025
242,0.22887877935858933,0.43478363257789004,0.7410086691442385
243,0.6070182812451969,0.5589899286049909,0.030731822085607704
244,0.4640076538384878,0.5872589922952757,0.03164066761351325
245,0.7662048129675355,0.4368453575877479,0.197964349866228
246,0.27726133493967836,0.5153903490980938,0.6309669726990282
247,0.2659624212615184,0.636862358976688,0.27896434093350847
248,0.19885282153588904,0.720084458925628,0.17212297787931913
249,0.240594677984352,0.7001683275576274,0.1287019990106021
250,0.7487441776536272,0.3615865573580013,0.29380578580161715
251,0.5464257889399373,0.23574743415107932,0.9161552239450933
252,0.7366260773429575,0.34596904181009663,0.3408992944302333
253,0.5054202564081646,0.23853480134457847,0.9150721830579388
254,0.6729932313543066,0.536353399302081,0.012163928936495066
255,0.17691312406659954,0.7183987041499087,0.1320549063635005
256,0.15638948422145937,0.520477592648081,0.7404960032613278
257,0.4000115126875651,0.2978690749339338,0.7945005757516528
258,0.39382277500571655,0.25446654638675426,0.9445696764073473
259,0.11417726186073801,0.6421862660536768,0.3085276081074101
260,0.481839553975855,0.6576573997773859,2.1291925371628608e-05
261,0.6752315394408738,0.18083067847282477,0.71426889251473
262,0.596431082413884,0.5289621872289089,0.10999636132172963
263,0.47251176031096914,0.6490454577537778,0.0014976300076416482
264,0.4160253991177577,0.7194887227491557,0.000934710551930427
265,0.338618947816099,0.37482282488446583,0.8068757759006903
266,0.6083071075231455,0.49739493062474877,0.0998007374481561
267,0.7503267541491716,0.5020140535403514,0.00015243911827170903
268,0.4495446436089002,0.46882818459692727,0.19608663522181508
269,0.3555842679009662,0.6444720221989126,0.0230766805525837
270,0.7276033052609588,0.25617245629066093,0.7357066612743474
271,0.6496425647425492,0.3643291289825307,0.44246579405806974
272,0.622754647247272,0.17638534673322595,0.8905133196669314
273,0.27790583173536243,0.6527069072833257,0.05944262124965873
274,0.7297415733989673,0.25535410097726763,0.6651441961913965
275,0.16581188923584847,0.6630627993868595,0.34529454867134196
276,0.4447079979603305,0.5399603299663596,0.4647585149503856
277,0.45759837562624084,0.5773988719344806,0.1519355255310148
278,0.7137358546505089,0.307823888620038,0.5496224703732017
279,0.6136660217325305,0.4489895111586448,0.23796202385020865
280,0.538076242528833,0.19391456229737397,0.858114940626466
281,0.6788304510632002,0.3671465960916961,0.1826387341493253
282,0.40718982226543066,0.635885075609239,0.016294424425718806
283,0.6587641596364654,0.5011156299305554,0.2703123025875769
284,0.6126502339813904,0.4712769398027298,0.02972649261153153
285,0.5868762514724669,0.4874353700620104,0.002899963555468963
286,1.2002269426273977,0.08131735697013895,0.3520511685056061
287,0.43521783713138545,0.4389769919404344,0.7029228505253393
288,0.7988203885503234,0.41487647042641385,7.657883583284439e-08
289,0.24667156814610852,0.43444075180372776,0.8579828332091318
290,0.5554524819010206,0.1419103417024242,0.8457182085805657
291,0.6436255369174398,0.3271350581287963,0.4313452217296066
292,0.44472550479053313,0.33370433305164465,0.759273264938871
293,0.11901726978305388,0.5633845262217666,0.6149285691204127
294,0.6654724754087291,0.5062628531230373,0.0011789169708061335
295,0.02313237344952101,0.5882470457070177,0.6514583946632276
296,0.21491826245970705,0.36802885552258086,0.8561823885373773
297,0.4643707362512439,0.3923055484797052,0.6103455561336847
298,0.5173743408618827,0.5068689145286253,0.23566324113342027
299,0.29736103357864724,0.5209273025286085,0.5403929649535398
300,0.18542068242682888,0.5719323861780056,0.6541138666487291
301,0.2792799170847673,0.428066069032092,0.7549326603753866
302,0.22868840736329674,0.4864773648008091,0.8187521666955986
303,0.4017003033978665,0.29826569514031415,0.7829845953290379
304,0.5937671076280088,0.5869508209528271,0.028133154108202177
305,0.1362701607258458,0.43364056786875355,0.9058668607106559
306,1.0791914240823781,0.1518793742607609,0.5724556153631788
307,0.46259648566152367,0.4203418238498052,0.7530013715612026
308,0.4471748973027941,0.3601309655587784,0.7858598932166841
309,0.22304341891419477,0.49978317681290585,0.6612136455018707
310,0.7469337622476411,0.24280920002020306,0.635070619298358
311,0.5971783266776762,0.2812781011778716,0.6897791465009933
312,0.3287709724105155,0.4505227125517713,0.672827729057214
313,0.7586491090376132,0.4310359562829402,0.2257685795795878
314,0.3208262892543254,0.46559079672702863,0.6758858338584475
315,0.7239798886400161,0.20681244217186384,0.5876967111354238
316,1.0352827160836202,0.20076144655544315,0.3383034013399905
317,0.5737855518783346,0.6276063719704098,0.0449775506200912
318,0.4321946000513256,0.5429119269362247,0.2337187168875478
319,0.7716695102370266,0.2997754312474209,0.4881224193460514
320,0.6450208385797351,0.28758340938046845,0.6363059254926029
321,0.45175488376847167,0.6771364728540504,0.16747308855600215
322,0.7711402607886263,0.4123991528409838,0.12025255858890391
323,1.0243993617975984,0.2439800916237746,0.22920305257867418
324,0.6392071847796612,0.5705682589276853,1.2004826519830216e-07
325,0.23253590692278345,0.46152291859600836,0.606485455441184
326,0.7992398681364206,0.3811561317121955,0.24484714596508622
327,0.3606065999123455,0.38334181496250197,0.6211320153889474
328,0.16617084047558917,0.745330166627459,0.11205178038798638
329,1.0123106257140828,0.1999480202461488,0.4903820426508601
330,0.7489176440070793,0.3242512918749873,0.3163529331421705
331,0.736369406997248,0.4431823759148779,0.11645084809007436
332,0.5748721876687459,0.41469630407844504,0.2600051219248113
333,0.7885609771707004,0.5023525489333833,0.01735481246069327
334,0.4351116873474263,0.556684952978773,0.3100029724034654
335,0.6352581660684435,0.3381598585785923,0.4301424554689199
336,0.8100256393653943,0.4118786480845442,0.013552757081410878
337,0.6791143934066676,0.24089766621296335,0.6647129126252795
338,0.49152395515515757,0.2586384683011093,0.7340912920239796
339,0.6026505908551982,0.30957708978001275,0.7010737682874524
340,0.6906821746519802,0.1785050921588252,0.6909856420901147
341,0.5465900541083967,0.27251973714671596,0.7511020203698666
342,0.47228885120644665,0.5762341691948554,0.18178924658368598
343,0.800019878079916,0.3038586756555916,0.26726940955813316
344,0.5265675385269575,0.6467482510619463,0.012211684249814605
345,0.11010565966683955,0.4736160359512794,0.7840689650292834
346,0.3757309899369659,0.39793416597433157,0.6951309232939268
347,0.7065565200818734,0.04736329326944869,0.8867363691002952
348,0.4566507925883832,0.4375443537956309,0.4143983252555928
349,0.327795253350746,0.5656505808014091,0.7465778005882746
350,0.6172301068188564,0.44894719928331667,0.2606184590488609
351,0.7305499721844348,0.5175502325348701,0.0439638724846445
352,0.44517755174093715,0.4057912456170136,0.7108950137478119
353,0.4367553507771993,0.6135356238673217,0.1352792123293601
354,0.7506646740010747,0.4025122669036756,0.0879139606465859
355,0.3480878321326705,0.6447785889527946,0.27913112025470327
356,0.5698172158867632,0.5525315425628108,0.0022153841963240242
357,0.657447539593834,0.20508832290128015,0.6787916649992741
358,1.0237571885417256,0.13731471585167276,0.5536769998191301
359,0.14508853050999534,0.5574901875181342,0.4934163873274527
360,0.2399000009868939,0.44321553265328073,0.6739308805752028
361,0.5951835820805295,0.3436699163292893,0.6795443842713546
362,0.5355984884745831,0.5892646362057045,0.14219615988600953
363,0.5795960464129409,0.21988700796320276,0.6924944248164817
364,0.15866681577508088,0.653739342729257,0.30924953817978323
365,0.791839573975204,0.30838138266878334,0.21845158108006826
366,0.49524741713430787,0.34808980827442115,0.5551244580785573
367,0.6362350954691623,0.38709107270921395,0.30628850035336247
368,0.28072698861182777,0.693118004603362,0.02901564793205066
369,0.4077971476587692,0.2670941589391768,0.9857650520347074
370,0.5332957811043874,0.5375131286401963,0.09565463795047592
371,0.9218953583566044,0.34355436906691605,0.016981310580521457
372,0.5690064758786612,0.45218432110063483,0.30606411767924774
373,0.6246316127095628,0.4179328687528471,0.3463448618002536
374,1.0536551569268005,0.06668122174285489,0.5871723247071544
375,0.6218622133030267,0.5805538803546269,0.017304930409445737
376,0.34934926083945966,0.3011293904520606,0.7866558433801809
377,0.4790276622290212,0.3348978292363598,0.6813613361860249
378,0.22679683658893007,0.4551048278863433,0.894062347708531
379,2.3676590579052193e-08,0.5667774441362468,0.9003223008070507
380,0.5784691313813766,0.5200426495561337,0.14086273772196214
381,0.45864763139475456,0.5013404637437664,0.4500032765294253
382,0.3967161450761659,0.5135081372450293,0.28845235798500973
383,0.6550662706873573,0.4597540223051614,0.017219266287063856
384,0.6697691005395999,0.4360390729339837,0.2076743731673966
385,0.5159984250363768,0.26896024791664924,0.7316988731895956
386,0.5066368513327103,0.2849763144546565,0.7195965239560889
387,0.2763264386615407,0.5901869576154246,0.4009873481816697
388,0.5151039281633295,0.27921695959997145,0.842962900489124
389,0.7373394073949345,0.43004584151939274,0.2751081153196552
390,0.6034406204246993,0.4174258605459437,0.32727384152767114
391,0.5401904053488895,0.33565803742627703,0.4588868612653134
392,1.073967453238674,0.243794378754469,0.30772658051932167
393,0.9467527671461241,0.18791704013722757,0.4891262295974994
394,0.41156464240933816,0.37752539511750366,0.6297262572095764
395,0.667546754503873,0.3963670503399434,0.3167197414925486
396,0.1414679298370133,0.48797611749183806,0.7383894144480949
397,0.5664614279103665,0.347420788173242,0.588911920625045
398,0.6450156368772456,0.4243171108642091,0.24622952955457936
399,0.4313091560255665,0.2567239461247766,0.9193673204262299
400,0.556237812717695,0.45395927653754475,0.27067047158237795
401,0.5903606871071072,0.31609593046496925,0.6668994669954504
402,0.30039957974900316,0.46270663273866147,0.6863548151681486
403,0.4838652798208864,0.32011509657584825,0.5637603012041995
404,0.9593736292613391,0.25635341123224326,0.04645675993542735
405,0.5077380868091271,0.48780521046978287,0.29042573460399546
406,0.3035926654410496,0.4502765932179943,0.7984630647819201
407,0.3542644677646035,0.7007901503933118,0.01108699689308946
408,0.5709015661421851,0.5912548060242396,0.13816880230944434
409,0.6613030482355551,0.32430699046966227,0.6034583686427079
410,0.08541379901851112,0.575810133425086,0.6712289997153373
411,0.16026201959554578,0.4079882023185541,0.8121819341344347
412,0.8398931849224749,0.360922122068232,0.1549745563482002
413,0.5434944122473984,0.5583871559422559,0.042766708441004345
414,0.2745260740752771,0.39173298246220245,0.814358533827439
415,0.0573070464912673,0.7598256408234038,0.3591767120883144
416,0.4964985049838951,0.4901716969876355,0.04576340510802282
417,0.4523573276822751,0.27192227282329406,0.8021228510711288
418,0.4528561373995583,0.4020006162565526,0.7232277403598469
419,0.2503226739812284,0.46901815625156457,0.6008099698095397
420,0.5635955982861968,0.4727654859243939,0.32694922434980866
421,1.1291190615510918,0.12874357033246248,0.12839201082673596
422,0.6893700310299405,0.21368544853824395,0.6887933697014689
423,0.433976196131484,0.35101494818949536,0.6752185531560289
424,0.3079587136033918,0.4607021669062536,0.6306084757118258
425,0.583526681064214,0.5077281211201919,0.012880346287667804
426,0.7232916062813414,0.42118872283315445,0.3131555856881384
427,0.6262655946527372,0.3259024425790346,0.5830827202410945
428,0.5195459098328072,0.6062751590731189,0.01166635638302577
429,0.6049233705064295,0.5282365229606208,0.07517746697169957
430,0.4886188486548396,0.599625484588106,0.031032152384045456
431,0.5489686897883731,0.5528049637658505,0.07339056391977301
432,0.6511127954345719,0.5633767234319156,0.04076006317484602
433,0.20024421354284436,0.4801435424598002,0.5978455997936051
434,0.7122063224979921,0.426632790223942,0.012138182798168294
435,0.7022516071120276,0.3960156266557101,0.22230498912850813
436,0.5338216172655581,0.39858163359748383,0.3513649328396451
437,0.7267182575275405,0.2869472473501771,0.3801470576741756
438,0.2719758184698648,0.4066599619199057,0.7730105006600524
439,0.6140219235190763,0.5298614478875058,5.431101542712298e-16
440,0.6632643764477977,0.4690152982204978,5.412695053496643e-12
441,0.4823441960953721,0.33673771392562424,0.7286245240039606
442,0.11584845216538174,0.40708417184273354,0.868990227134698
443,0.5122412502752486,0.5585960345924211,0.15909748247260105
444,0.15177717256776052,0.4654825888971854,0.7980301955073584
445,0.28077325860220664,0.4291012759468469,0.6500581039074532
446,0.9776624894295222,0.302693173749994,0.2732177340494534
447,0.40760778376348195,0.5027771452882928,0.3285582555891172
448,0.7202805514815146,0.39554391745680695,0.0032558112732058025
449,0.5898608238713599,0.40398129003482197,0.24225238269830618
450,0.31900959616981384,0.37049509729659785,0.696203134369182
451,0.6372934776853725,0.17050565639861728,0.8704226243729539
452,1.0204545807619894,0.3818514533572431,0.09315570611112058
453,0.5383989624453139,0.6128129349886177,0.032977378287965556
454,0.3387395927436356,0.6401817520730334,0.0030060922054963297
455,1.0431530260689885,0.18500003696967635,0.1341316166683451
456,0.34000172668477185,0.3656207971531008,0.8767571088528002
457,0.5078214954223574,0.6335124761823195,0.030202813139928845
458,0.5475113881435759,0.4968108058940071,0.015497202530911958
459,0.1535739287879154,0.48565513330520316,0.7050606862242075
460,0.5864459923296816,0.4487318633432978,0.32983277113292964
461,0.4975509449154869,0.45917389232211525,0.36378530931727415
462,0.6011903216262641,0.2638175955887644,0.6863661458195419
463,0.3210942031420246,0.3398709664517114,0.7913974212706192
464,0.8219738064281233,0.21237668080628513,0.4753324581349831
465,0.5051453707633043,0.46862780160134637,0.36619573108064085
466,0.3165084302815074,0.6031974560816546,0.26051211299565014
467,0.6391255383000676,0.34200939432143007,0.6808257305586002
468,0.5738076604998535,0.3237711293466458,0.6310086848911605
469,0.3253006277466698,0.4367528914671684,0.7525101074642657
470,0.601992651710725,0.24117717663521765,0.8299591277219047
471,0.6854791686404342,0.3442696788800331,0.40874033679558797
472,0.4556078966844709,0.2869395037218729,0.8889742085400677
473,0.23300450930693972,0.6194978472915218,0.22362101551595728
474,0.6694984855854271,0.4792928692705702,0.05261902270640172
475,0.23287812499162724,0.414372967714539,0.9570804486353174
476,0.4699125619276982,0.26275962655076146,0.8865349742242754
477,0.19589870398562165,0.4658092632805141,0.9273809143302617
478,0.6156172290092452,0.5165735784285105,0.04535958912414597
479,0.22799201190291923,0.3754395868247744,0.7690313008109214
480,0.8264031132347848,0.20439518462721998,0.6031047376035663
481,0.6455091184967685,0.3254249752754684,0.46239022729285795
482,0.57798199143706,0.5059697806844351,0.2651614657522609
483,0.8597845046826927,0.3390041805924864,0.09838094723562345
484,0.3369451046316452,0.45384136546817894,0.6149455714438882
485,0.1550170217149615,0.46968825205546766,0.6483164880790148
486,0.1289311129874501,0.5495020474161771,0.5475767915641405
487,0.5187998603335142,0.5822391852655664,0.017100693069873336
488,0.5785764818698226,0.5477169515423581,0.22915563739025935
489,0.5541732145133752,0.23934710578372265,0.8149912319717366
490,0.17346797796955285,0.4679853510640395,0.8820057523644917
491,0.8138145483669625,0.17892069665922414,0.5964138504748889
492,0.7240887907694326,0.2812505373255056,0.5156653474094336
493,0.8209304202471199,0.34666965000260896,0.2610201355818451
494,0.3152419957892184,0.41878873209366513,0.6638840528308593
495,0.5229060444290552,0.35113664998679966,0.3932532627484366
496,0.3832532799592473,0.302791440206016,0.829755520762538
497,0.7031300734550064,0.3567828471238445,0.5538945117858899
498,0.5211866375499766,0.29391257184667446,0.7648410660523409
499,0.2602995782651553,0.35829119339977433,0.7766727640446321
500,0.7041501401369744,0.43882776812593544,0.0031936588126940655
501,0.26155169306762777,0.6257753857861417,0.24656260866368993
502,0.3306221834089804,0.6776143444895696,0.07796595479667826
503,0.1303873599976402,0.5080811297485067,0.8332304282542431
504,1.2586990041211068,3.8404181038635786e-10,0.45990711952715835
505,0.904278696306911,1.3246115398670663e-07,0.8211231870419661
506,0.6676018184789262,0.48333834026032535,2.7861765950844402e-12
507,0.8131095624005336,0.3285662723413402,0.4187321533742382
508,0.2250802968447169,0.40789029192751125,0.818950340245554
509,0.5694183386429187,0.6041764757502415,0.05962529331331212
510,0.8848314143599777,0.4096435675558298,0.016661418851180138
511,0.21130088847596556,0.4851293556156124,0.616336488535113
512,1.0623808900112164,0.18670207977115702,0.3922352513064409
513,0.3519711470844147,0.5035540123979526,0.4537036510604691
514,0.6510836411430936,0.516002876804067,0.016722019818278356
515,0.6993512315516605,0.4891745900726435,6.638961683738754e-06
516,0.5706834443212806,0.48311218621989205,0.058853861633374256
517,0.1453892880127931,0.6133026780462607,0.3940039637189865
518,0.4484515790852819,0.3051635966382506,0.866357293538733
519,0.24970049797764046,0.5972269021139969,0.24016336290586057
520,0.4946614446393043,0.6681911355620216,4.04112227921279e-05
521,0.4682143431014525,0.37823383508785835,0.4910047202395733
522,0.5615955347192589,0.33597490861190105,0.7199693913461023
523,0.4629604073868895,0.5881944970636126,0.011302429545231836
524,0.5203522998742026,0.31033521155620863,0.6622935463174651
525,0.15957787094095707,0.5652732842333588,0.6142230314724224
526,0.5056726731785145,0.32141084557089317,0.8213702712753566
527,0.7406912469056565,0.2947639791900347,0.4414214710988712
528,0.810461939484991,0.1896178358143327,0.5024118554705777
529,0.8225012255030789,0.34955909471132635,0.40133847970809305
530,8.584743287734493e-19,0.5387708110963432,0.6020573033028869
531,0.49798320106279775,0.36805918054512726,0.35860809252556347
532,0.16037353847953273,0.7236464557165296,0.17237630387011724
533,0.6615521993942028,0.5286745860004216,0.02932398565262941
534,0.034510245249304225,0.5270978796761753,0.8962100520621451
535,0.29295208753361957,0.4302234525257337,0.602553471532442
536,0.22442818599170805,0.7474239882826218,0.19598811493582924
537,0.677197026137116,0.49699176811316687,0.2144657817280136
538,0.399244445468166,0.6762817904435517,0.0012212354442684187
539,0.2418736980682069,0.43776703688051144,0.5821822769500342
540,0.4334610506372938,0.4010341786928173,0.5888857724698663
541,0.29721811584924085,0.6127775143590635,0.05176242277588502
542,0.5659828711321078,0.5901007031313291,0.011328927234981518
543,0.24406865136475256,0.4039775102476472,0.8057586302830637
544,0.4466530725323143,0.6098455022800663,0.20240290787830764
545,0.4102623223062802,0.18682866099429543,0.8813590697802846
546,0.6958018518483093,0.24784972861692353,0.580257948300457
547,0.08252820325500043,0.5209563241130842,0.8733963967830004
548,0.8182556715553291,0.10095608760595633,0.8768580882902501
549,0.47755844334454783,0.49896448019939776,0.26869804677415804
550,0.4081154642058592,0.584663461659091,0.3270057476073647
551,0.5970926270346952,0.25738108827165157,0.683614331935052
552,0.3416914086061736,0.671996402610593,0.11576151225784255
553,0.18113455327855718,0.7083100440173977,0.2521950525149699
554,0.15634555766755376,0.5073015726167591,0.788389719556644
555,0.6926911821079615,0.2153604693568094,0.7797003193758903
556,0.9067073954835599,0.15496123392855227,0.7333477662753743
557,1.2032444296623275,9.891983101782198e-21,0.47265636668658256
558,0.6045226015050159,0.4526949718192509,0.22144283794362815
559,0.6325706826930929,0.5760361616674304,0.01752799795046694
560,0.4795111551049556,0.5869352646956991,0.17617670605491137
561,0.5452311236351844,0.25993670229525795,0.9134532729103135
562,0.6244732961163488,0.20712251446817406,0.7589710342306888
563,0.6997176755946262,0.4986693054180633,7.123653047329926e-06
564,0.6819179858859795,0.44374124579649493,0.1492215006907643
565,0.6004578423931588,0.2082497892752637,0.7099052734694052
566,0.7369784974281879,0.5528415477178766,0.012749782911873567
567,0.5522108410766756,0.6109109812772293,0.0027098707467620264
568,0.5855328525101856,0.5943221713817205,0.00199971532230025
569,0.2044513631739726,0.370309457361856,0.9840730336969788
570,0.43671823771717594,0.5176329907478915,0.3081419500183766
571,0.44470472788955256,0.49857176360253974,0.3454534583812418
572,0.598749319629604,0.6008445819541278,0.05300091909714056
573,0.30901325167929583,0.5909129751577615,0.3564764172628979
574,0.4358978449035626,0.6569624600890897,0.0004954629442256679
575,0.53412890016162,0.22971412301367564,0.8040619356175136
576,0.9563845605050245,0.342258826674755,0.22328308617622303
577,0.4051938952045095,0.4556068422580405,0.6444898326263555
578,0.39481654309991193,0.676694497905215,0.0024810432669242254
579,0.6257442821533685,0.5039062589699398,0.001726543562336648
580,0.8187230114544357,0.3919423107627575,0.001872574552877034
581,0.8917867732176362,0.24258537982311784,0.13770851401196946
582,0.564132485900508,0.2079247169335515,0.8952380617217595
583,0.5007237431493493,0.6262155164522798,0.012432742829627894
584,0.4977284508912151,0.3363893696830016,0.7985260721805489
585,0.16874650298319116,0.4894555689456653,0.654988326279715
586,0.296720171244174,0.4437568522819546,0.6075819158827457
587,0.596046095245979,0.5710967715285835,0.05995163936760267
588,0.8147280722322994,0.4488556008816389,0.07924074441195117
589,0.6116186232170543,0.4357266964159203,0.30127281703116504
590,0.3775655540799941,0.6895443370629445,0.030819598512017304
591,0.1734299434168617,0.5103658950123188,0.8436056212599126
592,0.44482669727895896,0.46417779925027847,0.2133594151737974
593,0.5944114418454761,0.43258095401292856,0.2786463614756888
594,0.5327324817402012,0.30899263930360077,0.7628311992865963
595,0.7733870572334802,0.2647062310351059,0.34025791766428193
596,0.614909529548352,0.5292917750188666,0.05757600214898732
597,0.6020091440803048,0.5783105887805651,0.00014762320391802444
598,0.018082853161918475,0.5218755239112993,0.7620745760938447
599,0.7083680937961757,0.27156322454800524,0.40194688175373355
600,0.6632243849418819,0.3484539032767536,0.26404897212595313
601,0.3325757799103135,0.581703147246876,0.3463328946261264
602,0.8442758858829768,0.3349693081162291,0.04349079053247384
603,0.40878973732370544,0.7217623436479951,0.03028574085103126
604,0.34808310070530785,0.6930226267985962,1.6302442411308517e-10
605,0.7196466328563763,0.16740660268327315,0.8492395005311435
606,0.6368794233615944,0.3295861743236245,0.5993859056469175
607,0.5439085825074823,0.5410555324731838,0.21499245601281378
608,0.7392715008839097,0.42555566329677974,0.15670212872538808
609,1.0197151294634266,0.25096734327892206,0.33468302900744124
610,0.2071992659595967,0.5326877319002564,0.3441196944121413
611,0.7522265825248015,0.41714950874977175,0.04145775798620826
612,0.5788691677797166,0.5519834310511988,0.10229094930013442
613,0.37748079271056423,0.6494721962845884,0.03404236325574047
614,0.6379078716707394,0.501053961356933,0.029183097137163813
615,0.6732478286973825,0.39662144597269006,0.29389280543976587
616,0.35948059236733426,0.38057216264061366,0.7840033861144848
617,0.17372258954765166,0.5047666997757911,0.6833680879759726
618,0.18107883464575245,0.40756723124915467,0.8509062549127951
619,0.36927737480539097,0.629058956548862,0.25236899803246304
620,0.5838051691122697,0.24875724435025912,0.8949571471703718
621,0.4933222160022013,0.4160722445271101,0.5398148291781286
622,0.405204866587452,0.28476443892652,0.9038799374414873
623,1.150374694475206,0.14409927345351692,0.3010851506815707
624,0.39830233970541373,0.5444156250482747,0.397202215169538
625,0.36013001639195474,0.4320933413477943,0.6423981566679922
626,0.9721387378550598,0.20676767935033533,0.5007877222509994
627,0.1636831948316687,0.43287355068785444,0.9338137259646302
628,0.7478060716905245,0.07853688860012885,0.8088681826259624
629,0.4791636958913821,0.32659790089688556,0.656649300021119
630,3.5217160294652926e-52,0.35705657888062736,0.8140777421546949
631,0.2741743632345595,0.48982553949195545,0.5551121986022456
632,0.6496690831474845,0.48822260144052976,0.060102374199613375
633,1.4076846005801515,1.001864600803428e-05,0.30096187556244397
634,0.5846979482127271,0.23716350024136842,0.7040167516292922
635,0.5092038400588975,0.6072801435933748,0.015367380314093921
636,0.6403412527076247,0.4190916330897375,0.22954655590469136
637,0.6107245195783126,0.17510698035392036,0.9495599095267576
638,0.249281269079453,0.591263275260705,0.6585114684241228
639,0.4154914764242571,0.3060061725937705,0.9854678814871825
640,0.4975763405129307,0.651683261139046,0.013035470064895424
641,0.6094839469588452,0.48968721590854786,0.24674782936363324
642,0.5573613585533689,0.5196554881184737,0.41678846668896197
643,0.2733020560704057,0.4171402151354802,0.7395303233176965
644,0.7867108281505779,0.45805421442491934,3.538248163033215e-11
645,0.37892071152386214,0.4502662806939465,0.7165238076506228
646,0.55195002324061,0.3045658037750398,0.8180793087215418
647,0.33261796664750787,0.3882555562428017,0.7427966002536232
648,0.5031480645372463,0.4515655038167905,0.22546823159852228
649,0.33245678630212167,0.3989211777148292,0.8200761543256296
650,1.215859488103632,0.0014549689388625286,0.5786067843990448
651,0.35327346347788513,0.3724071854205932,0.9524442165101532
652,0.15853738919625854,0.35471408364014617,0.8058015660587357
653,0.43618341688213996,0.3412443548461832,0.654273000315783
654,0.5850057723132733,0.16957049787908224,0.9837936470440491
655,0.6855842062089855,0.1917319648101963,0.8080685793678547
656,0.4369490232252267,0.2897591404017749,0.7887858154468577
657,0.4679984375988646,0.3987622816427479,0.6729413286169297
658,0.42896004350194444,0.44131786515753635,0.3940216539803549
659,0.6998730761105586,0.24164129761664094,0.7353030062655861
660,0.4627686310478019,0.5247658586834105,0.3221407184480398
661,0.5787386777551295,0.18640252854729586,0.8778990336112337
662,0.40762055070767195,0.24526907263543818,0.8819428014466076
663,0.6110509558943695,0.619910648170457,0.0025790083858462857
664,0.49943226596710266,0.5115756512510632,0.3124559465847407
665,0.48266676238537626,0.6338535146780531,0.021918270794443993
666,0.6681400110640906,0.44839034411084877,0.22201090056526168
667,0.5856306207475866,0.5871171509772477,0.06760648514312308
668,0.2956245479955696,0.41958963844770897,0.6926357707438322
669,0.24465656945056455,0.45595091603356097,0.780533379422504
670,0.6886409402379211,0.4588287325258187,0.0424728965295655
671,0.5935249899892117,0.35167135975263114,0.5883690749445611
672,0.3460714513446414,0.45929650709427966,0.5241747809779352
673,0.855122847114555,0.40909385809860094,0.013572471769567381
674,0.5801528514364742,0.4316745971588748,0.3113886060829692
675,0.38175165072016204,0.6142448106198233,0.2309579392545347
676,0.41755410091563755,0.45208901646446403,0.4538848624781801
677,0.315422627370806,0.5577764899402836,0.6477943687692518
678,0.8476846777639574,0.11632167658742844,0.7485733443108117
679,0.34263904079071383,0.6808551180245783,0.027200996040810686
680,0.4260103864364544,0.573044967243241,0.0419238302676562
681,0.3429291750554346,0.38766037866905345,0.7889265099037711
682,0.01427930397026036,0.6794644503304723,0.44695614381038995
683,0.8355486339689822,0.3371223639562026,0.37689478742341387
684,0.30521440474061584,0.4421387691471481,0.7600948849077794
685,0.30459872769597235,0.644457107222117,0.3870492728156385
686,0.1516645155775017,0.5032691495287601,0.6633052539808045
687,0.4712158120015736,0.6858952376820107,0.0015270671627739222
688,0.5436786474119512,0.4730243978672381,0.017107795262399538
689,0.8765323700049311,0.33128072308782053,0.2693081401632141
690,0.5098601142707306,0.496270227606476,0.12309135343006362
691,0.822014766298946,0.07899543218251909,0.8006384373373853
692,0.5995129015900916,0.5696129076883383,0.0124803485484924
693,0.7583541985496965,0.4179688232720419,0.027597444298448046
694,0.6590473509806257,0.27239405825027935,0.6961119027468844
695,0.7107572204032943,0.4719601209531783,0.01658218809782361
696,0.9880368095685752,0.2636451666129578,0.16997271571730938
697,0.8896435455339966,0.36862073513964555,0.19527127323215462
698,0.17558502806884532,0.39621425368254837,0.6724542778764087
699,0.6445959079542132,0.4043501124403892,0.27253589830894925
700,0.637390534374563,0.46670870549106663,2.6532409733096177e-09
701,0.7491419165049172,0.5495662547515329,7.994276024360872e-17
702,0.7576144084272971,0.2107389711793018,0.6564128756255719
703,0.48086567926259466,0.3697107517653437,0.717879924197161
704,0.406612291470872,0.3206128214702149,0.841715884148173
705,0.29988156450343256,0.3852653864667899,0.7533141686982832
706,0.9685509758456511,0.2614441851225347,0.2244525805137903
707,0.33097750053501973,0.4502491941363408,0.4949815616017725
708,0.5102337191034546,0.5968263156347743,0.05379924521878578
709,0.49340679000377435,0.2458268538281371,0.9358049310920205
710,0.6130245014693361,0.54582132335625,0.0012717187785478928
711,0.6061528290851974,0.4683946823971927,0.0392958079476264
712,0.4871890733068761,0.5813841747931329,0.0019343232319006534
713,0.4778424273513422,0.3060071981975579,0.7599014592261084
714,0.7553611854831772,0.5466513324628098,0.01728336119029653
715,0.7394597192148691,0.556712517283482,0.03829743248243737
716,0.6346473097485844,0.2656339993767095,0.49066533223057746
717,0.2326095952005814,0.3703678723070224,0.9118890252736375
718,0.8089216982452048,0.36139412826570166,0.08285180146103653
719,0.2441424574678472,0.6783998711790721,0.1815143511014795
720,0.6528974178783213,0.12817480850274127,0.8543267283133094
721,0.39998276701029384,0.4534897596563007,0.3395925460322788
722,0.5507783377587601,0.5581611328420192,0.027672730076612202
723,0.5601363640610854,0.46546660917603316,0.3979030799788225
724,0.4636968721636019,0.44989489053851733,0.5708951986261863
725,0.4740284693423446,0.3926447315938904,0.6421248807131785
726,0.5822636232919443,0.33408420280626927,0.5634333790142159
727,0.8007203606119835,0.33387369321964344,0.43567796032018813
728,0.44189022747376955,0.6410428153857999,0.012947310599736828
729,0.47702505533876527,0.3470978271860813,0.5776311044344848
730,0.44165111030311494,0.4989549166946101,0.21709628302994533
731,0.2167405308571362,0.4597387280448142,0.7099231320286902
732,0.2121620797569594,0.44869836558203907,0.8504485022554891
733,0.4589418726094545,0.5973770993918743,0.04634485482293132
734,0.32656919780978394,0.32631911080407483,0.7431000836815905
735,0.35634919765420414,0.34217252209693516,0.7987010547379394
736,0.43208335268663045,0.31227074004155014,0.7365774863430598
737,0.6218735267781629,0.32303599962786145,0.42324861179754497
738,0.4465684630199064,0.646111954118125,0.044691073668040746
739,0.742274073636246,0.28517805281250225,0.8249520847830506
740,0.5161548141531153,0.44212624054764504,0.3576840330764638
741,0.2932312411788995,0.5406528748013629,0.34513179726853027
742,0.6785265649382948,0.6094994703376352,0.04207819666894242
743,0.580295645792461,0.15393872446308868,0.9152559649298075
744,0.8365785393376154,0.388770093894826,0.0025797107926554172
745,0.8079615052027446,0.40691325727429084,0.12471771847779776
746,0.368649381834833,0.4309268559695052,0.7587569116588848
747,0.6603875088794392,0.453453792715642,0.025680644684422577
748,0.7586051268397488,0.06777511544679665,0.8393794481854572
749,0.169295898265938,0.4200530385290594,0.8715169338499114
750,0.6223892971792496,0.45567092737146947,0.011566640302761458
751,0.2302344978755025,0.32261124413694553,0.8980422730958803
752,1.131900578103422,0.15286307072023456,0.1828730979265167
753,0.6121953969857769,0.5678431996249544,3.385342830689759e-15
754,0.40639651343384015,0.3811366364501956,0.8866245878732492
755,0.5261687089915362,0.3420432164283257,0.7629084919496175
756,0.7007864180464455,0.5567390651403247,5.521736834015705e-08
757,0.45602713031229,0.32959894290534825,0.8611117323213685
758,0.5986058885793355,0.28086953354105576,0.6118679796235091
759,0.748287594119221,0.03211299452822533,0.8768008756408061
760,0.9263471404497199,0.2395135758272367,0.3977358822008757
761,0.17816674056815798,0.8163163284747919,0.012585462509473925
762,0.674307608655304,0.342211153298212,0.18052406951610755
763,0.5842395048772027,0.3231036203888349,0.8004570040553467
764,0.22052607018660897,0.7545343499702947,0.0002334633696050381
765,0.38303032980458784,0.5186979841189782,0.11809448960221203
766,0.46242360122469295,0.4720730079620597,0.23578584867639
767,0.435581926724143,0.3533917418312363,0.716458923788135
768,0.24260696062174844,0.36100058417651215,0.9791441675805252
769,0.30204413145422077,0.6824493511841935,0.0004937616478706548
770,0.16069207160585755,0.7647450656733754,0.04637976333414071
771,0.8143121705503938,0.402407406398793,0.0017560721500787734
772,0.6476283891375763,0.4807350395290432,0.01796842010013188
773,0.7176550952974315,0.5795538357776389,0.01153152921740845
774,0.27053398373067655,0.3557820343014289,0.7787223930296856
775,0.4847253309486487,0.3220419100909244,0.7578865692508403
776,0.8660262402876525,0.3508241832161106,0.021978557695286893
777,0.6493297216493659,0.5636558027840991,0.046962648310621455
778,0.9943537509715548,0.1263200723567499,0.4265970293165057
779,0.25168012337253576,0.7366329706133453,0.00025274548138506817
780,0.6872346148008593,0.47840173093052835,0.015758489468733122
781,0.5718285481228906,0.5671835584376876,0.012751088581261436
782,0.27460726099943805,0.7410997855750794,0.00015635167334278815
783,0.39459922777973166,0.5737165658822639,0.05567777594294356
784,0.7671260760023231,0.48809285544913344,0.07534878142992801
785,0.8022708016541329,0.4724334699787713,0.001037656943246893
786,0.5738551103494616,0.23698431318159305,0.84208970773794
787,0.519298843829507,0.1887159522215981,0.8507370070496755
788,0.6354249737493022,0.3198987746380344,0.5892719826178379
789,0.7646222610582214,0.379194886260798,0.017509134770008733
790,0.2649357418059637,0.4857891855272242,0.640263343474897
791,0.8420558545129113,0.44800260868097547,0.041125820178971394
792,0.5226368956371787,0.3600278443329923,0.7522780861433033
793,0.5941027108667922,0.24668071785766452,0.7679703187327835
794,0.4675377538508256,0.27183310133147387,0.9151634915881379
795,0.620393740737745,0.45645085907776106,0.19269070389060594
796,0.6011651607388548,0.3446684871394411,0.6949917956561628
797,0.45055617368451756,0.33649561303867015,0.7250949978822189
798,0.7562050005546088,0.36709601867049735,0.20890730265343754
799,0.30349873195357524,0.3706978905048518,0.7823851261936863
800,0.5132817067505778,0.4187356862981596,0.4709224687742905
801,0.17016939746476245,0.4713572841256211,0.9020177302234862
802,0.46716428943906935,0.3259526508645061,0.7954523204338256
803,0.7859246177544621,0.4396895144503995,0.1245789343469187
804,0.4590559011770088,0.6157514171207864,0.26494968749711645
805,0.5340075054388903,0.6157354200961696,0.012720103859836037
806,1.060755973189013,0.14226179011272755,0.20765226821435132
807,0.3943415364504928,0.5271612376502108,0.28052756781187593
808,0.7832642315538465,0.2740107440760954,0.6536652141252034
809,0.5838241089911039,0.5210643050267759,0.15091457436564318
810,0.35511640865173294,0.492486873131121,0.4831645079465447
811,0.4035409626296058,0.519173724351968,0.3012793033915143
812,0.9471530501763857,0.30068605372776175,0.2047282560834296
813,0.5300893706673976,0.34513217144964703,0.7904470045670077
814,0.5548202818573634,0.20780281478623885,0.8755933019577844
815,0.33103898612938687,0.36309838425771196,0.8645607986865151
816,0.5025720154387597,0.23415289462843733,0.7949254668981837
817,0.35556127133313387,0.6819987148858373,0.0019729166318531713
818,0.5583350231039825,0.33311093866921737,0.5790302879393089
819,0.36682759652121116,0.512020906256922,0.6189115465842194
820,0.9180868033024425,0.41348489781440595,0.045340512768652384
821,0.9478260415849009,0.21523174632952585,0.3438683303914283
822,0.10515794226155009,0.474383904402899,0.7077917555853562
823,0.6946301913144515,0.5583451700430092,0.0003815661456648345
824,0.5383537248946165,0.27405582686281166,0.7416532737531756
825,0.529510299810674,0.36195460191622003,0.5679572839785046
826,0.31782367472540063,0.30075831155584054,0.8769335970506207
827,0.7732468813652968,0.5498898580576331,1.009388436297217e-07
828,0.23231111647376262,0.807736776983159,5.114473433632814e-06
829,0.7593491961181936,0.29923696438500597,0.26872736161568517
830,0.9634882576832213,0.19056992792786276,0.27713597329784867
831,0.571494216484262,0.525466552644603,0.04267521891956577
832,0.11374454948609021,0.3878697020671656,0.9002760653938553
833,0.7262972164242142,0.5467484412173151,0.1277339849790086
834,0.7635014412628544,0.4049613992212553,0.1403751680598059
835,0.47002236953893933,0.5574319277519627,0.10760669853947981
836,0.7388108535465518,0.408071198812913,0.2587497096095317
837,0.19435305051812396,0.39600677729593126,0.8541143306793564
838,0.8266452155721513,0.42343258503320985,0.026702244522626442
839,1.214701719010109,0.11144043236812715,0.3184351724969822
840,0.44888349389890975,0.36415191082076254,0.7978036829240045
841,0.5566002563814154,0.40074230380290443,0.2734094414289134
842,0.6888991714674906,0.5021356735471472,0.02505209631866324
843,0.24988059285052605,0.477380809584176,0.3961562092626723
844,0.3436432606507089,0.33665075233306535,0.7754992404273788
845,0.50742242599576,0.6346401690516703,3.134356466439711e-10
846,0.6626088340734368,0.14981873818625605,0.8252705816747217
847,0.3229186398618326,0.4334010680212633,0.6738876758719883
848,0.38460195120515733,0.43579076254771587,0.6568043971757863
849,0.5402052403200152,0.5553852445565332,0.12221632568722138
850,0.3369497654303584,0.5623137138262368,0.5119171074158111
851,0.7684350244236869,0.4181923831832656,0.028977462061578772
852,0.3239021510033993,0.36819850739223503,0.8197342920685278
853,0.35954746856893066,0.6236884578695869,0.06502917503088393
854,0.5327140348833376,0.43186478367108977,0.31812664077623987
855,0.2736009130779961,0.6030740991916503,0.2309893088585453
856,0.42842103227014167,0.3429710276217237,0.7562641894304499
857,0.6435572815257479,0.5079236124755024,0.038038069120762706
858,0.8890982418333766,0.08126689878797326,0.65379182043775
859,0.6706044060457927,0.3723799236166108,0.30152100863504144
860,0.8745221750880547,0.09443694125600285,0.571753370561357
861,0.45030795675106455,0.5634363728482347,0.07435964058239512
862,0.5003779000164811,0.3303806955137778,0.8054484102484997
863,0.4245041605549115,0.7112614267413238,0.013069682566355795
864,0.687504367593003,0.44122438249025353,0.013151874471207725
865,0.23014600467783464,0.33488434039690584,0.7757832195494695
866,0.6155184404625027,0.37858898572851885,0.605735362220416
867,0.38479490756842577,0.35135882142918584,0.5470170139701565
868,0.3772005879621867,0.5245228083264165,0.23060488151687067
869,0.2852721589253708,0.49371891617177643,0.7019620094761165
870,0.33681603303328006,0.6548639282383357,0.12953605620684355
871,0.642848403660719,0.40332341492679,0.28984681498863063
872,0.1840664668508279,0.4648293175502158,0.7664902027812103
873,0.44112191981821397,0.38993656162377394,0.6523735247018556
874,0.6761754030338845,0.17595404381110127,0.839569029104784
875,0.3664094205774013,0.3829518931712333,0.7141901836378417
876,0.775331975755167,0.37650847597583353,0.3034155399432076
877,0.4453891466396019,0.358610037505072,0.8551898764402986
878,0.8464967657020288,0.2833452673848245,0.41700620431940244
879,0.28562292713969717,0.5649567105269205,0.44002381329635
880,0.6374770815727758,0.49723501526345415,0.23479707582067624
881,0.3672670094397506,0.43725747707814244,0.7613571208461251
882,0.5388196385552937,0.6435471610403666,3.468517790709312e-13
883,0.41828649090654135,0.46482170661456645,0.3951594847983589
884,0.8305927573965554,0.38820480478108377,0.04046047612858201
885,0.6410596216282026,0.5207901964617194,0.001164748875224794
886,0.8549886979304961,0.48676649352797996,1.1853344537762381e-05
887,0.7806263395260772,0.340189023336934,0.49465551172616684
888,0.6748043527926237,0.1719405681735869,0.894553570630139
889,0.6996399571401576,0.28294467889841646,0.3405814572775709
890,0.4478384664999742,0.594555298735689,0.12416063782069302
891,0.5488396238931181,0.5903738086028605,0.04443746915183553
892,0.5394814158056628,0.5301009762215041,0.09014374091024487
893,0.5354109813281006,0.37516675495444385,0.23073521340155426
894,0.5866287923363815,0.5329151194110686,0.03685655949206729
895,0.5464503512825433,0.5380072605907078,0.0023894068779884516
896,0.7684235905566221,0.3896308907541892,2.4842256886031376e-12
897,0.41785164561117966,0.41717619885898277,0.5989512327124961
898,0.4922866524350275,0.2418857966547206,0.8257444465526566
899,0.004655095372520288,0.522000553374242,0.9299546250382068
900,0.6429048046215846,0.1560636588142123,0.8039902233390972
901,0.5349199738880271,0.26156864026759674,0.7736710980812027
902,0.5764250078514231,0.6749791531232275,0.03134097641992528
903,0.453200477195936,0.5154568015765374,0.2331571813601626
904,0.4470994203434987,0.6496885889319766,0.24675046398440617
905,0.22702535703277257,0.3965481305860749,0.8047037202682016
906,0.7292888519671121,0.5372650528515461,0.0012037808910564944
907,0.13446502433444132,0.441722363833595,0.7158939546443951
908,0.2788357825685616,0.6043838807632139,0.2649443905288118
909,0.7497460585044008,0.1461708580978783,0.6581219251401562
910,0.7361063664353901,0.14677961047764557,0.9485382830854077
911,1.0222202088170524,0.16554092202313545,0.48111508526918995
912,0.5737935650004891,0.43322398739675755,0.4235170157237976
913,0.4284888530020243,0.32467406667713034,0.7050737204235265
914,0.5647279859758784,0.4436491914508524,0.14594681086436037
915,0.9749834793670377,0.23992629624828754,0.29566377180314685
916,0.27366396167516593,0.3805733452170825,0.8376957195305219
917,0.6090132992307223,0.17962243776768624,0.9435519304953085
918,0.5599049605675369,0.345848654236363,0.6303421879560691
919,0.5069656130823873,0.5887059789641161,0.194965249082699
920,0.9474478193072913,0.3421650420234481,0.0028782520158510036
921,0.07160404277480585,0.6623061247394151,0.4206551910116126
922,0.8613600122266,0.3364059707268538,0.1670101517753432
923,0.11762718320906593,0.5432368632783965,0.6315638766849071
924,0.563170776975504,0.2655526886864944,0.6813885934742592
925,0.5189532937770667,0.35639524171039044,0.7939898867612626
926,0.5961814696208484,0.5322856685314131,0.2189030216718
927,0.41970889476459783,0.631712991984763,0.0975598621100298
928,0.6609948486744671,0.4773279879419846,0.013563371859921786
929,0.5301381950462225,0.25152191211403363,0.764251991866923
930,0.0028007524383178205,0.6098397789278489,0.7818273592441165
931,0.4673942817993593,0.6601815718502668,0.022592769167007455
932,0.6290065899364267,0.42993427800399997,0.023273824966288572
933,0.5817647680962904,0.6143629261220774,0.017432841676837344
934,0.47464448164766704,0.3777608851228801,0.4461907220508891
935,0.7498703747609213,0.410712226420807,0.18821795134736075
936,0.431844892702966,0.6310778448878611,0.0015487835847410748
937,0.5676545222071943,0.6002584132818332,0.014373215185822892
938,0.3622684471075606,0.6624315730531849,0.026362796771028308
939,0.32288673163677495,0.5147048187688693,0.46616316725841356
940,0.38603726498797175,0.38518310131663525,0.7463955227622857
941,0.3785700080616168,0.3115424133979871,0.9184948483796619
942,0.44789304333843977,0.6977341276619676,0.01151583225798347
943,0.2539456331710235,0.39639914350899386,0.795268645669429
944,0.5455270865920211,0.32230548956615684,0.6541491274754737
945,0.16271882586392977,0.44264826967392024,0.8176193765753891
946,0.19268206915041866,0.5845809358091713,0.4893691791168508
947,0.6385875180378396,0.23878437740886993,0.8304627621786088
948,0.15716794097567247,0.7788779055485302,0.043169197788380846
949,0.0950104851958587,0.5334067885241771,0.7813369057081466
950,0.3106303347123319,0.40432631019585324,0.6842862514651187
951,0.47083906814690113,0.31071049363685466,0.7530196758000474
952,0.5263406268966726,0.5892508881216258,0.06196090394234429
953,0.4140676064167901,0.515867018355609,0.4027259733155524
954,0.5755134559321043,0.37474286955061825,0.4140414159396009
955,0.2424952445978692,0.6311714140758472,0.23121558820504376
956,0.4254200389603738,0.37268907903885223,0.7432519613390666
957,0.7500263915538156,0.41349524198045584,0.19769307928270846
958,0.00431963735399561,0.5844826577973234,0.7931100670837757
959,0.8053122820807218,0.35923124225308056,0.2343602079699354
960,0.5446135542496858,0.3541988236736826,0.6184275415642554
961,0.5411914997201535,0.26801681169411234,0.7221374117547069
962,0.2955378301023327,0.3989813386091019,0.8147963717649251
963,0.41610079530242616,0.610120111149919,0.045021675864332505
964,0.3562968786142079,0.7275265346897343,0.0014094313980803435
965,0.532119607200884,0.5490019237783821,0.15165014438475344
966,0.8250021281601109,0.39698146490678066,0.013982899794110113
967,0.34741523015366843,0.3737371429668644,0.6786628992663079
968,0.2551506090365212,0.751210419528358,0.12738156346555302
969,0.6927868119382588,0.44916360719675874,0.0008275218114956829
970,0.7209391246189192,0.19969604241738037,0.8193454459981535
971,0.5803758102121978,0.4467524618202973,0.25290947142071546
972,0.6926947191378547,0.5116552737289279,4.365690982456726e-13
973,0.5343380123858655,0.19385455360595633,0.9612929356703737
974,0.5625444787561263,0.30048219854509367,0.6210738337629182
975,0.6604117379160025,0.17432906727541858,0.7076081314726428
976,0.7418097268563495,0.3888418948594878,0.2255645348124245
977,0.6329038163650531,0.5445573911797182,3.847445257519865e-11
978,0.5198120949983731,0.4456298783415081,0.3100999417397867
979,0.9139214152060668,0.4612905813316698,4.943966431450626e-05
980,0.6701133902254944,0.3117591616853828,0.3044886479049376
981,1.0189609573924943,0.18147898892430583,0.5072818005342099
982,0.4890692050904258,0.3164264083471058,0.8540421673983759
983,0.5094663950819627,0.4505522470524338,0.32625087968186917
984,0.48594824579527895,0.6449430551732975,0.01006639749053803
985,0.24776393674316544,0.5722192658277858,0.42168876621689716
986,0.4771942071093633,0.34611327900696454,0.5577728053553244
987,0.4813556075947938,0.5886583473420337,0.011433717473141215
988,0.5723727312013667,0.6131182179633902,0.01198243503662329
989,0.4382051747465341,0.3781042739411329,0.6519659010531426
990,0.38887845597630855,0.5484318496493438,0.24450044298768797
991,0.8520306330647562,0.29803054030188664,0.25502519715130256
992,0.55605611046641,0.46982507377139604,0.33481532317276036
993,0.7013036459467528,0.46589589473518633,0.01380117527665243
994,0.5421428573050857,0.3471223643911883,0.47045422311906676
995,0.5699544193848338,0.5119147765714174,0.19856989058917945
996,0.533187230702353,0.5197599788639757,0.003057215728284866
997,0.6713368068632499,0.1716339846037707,0.8240008718832033
998,0.43443362571998484,0.34215612672710694,0.6707708587849641
999,0.43118550709789844,0.5104710447582109,0.29610654871438585
